Datetime,Water Level (m)
2025-05-19 12:00:00,-0.1247603
2025-05-19 13:00:00,-0.43516654
2025-05-19 14:00:00,-0.5375268
2025-05-19 15:00:00,-0.5222891
2025-05-19 16:00:00,-0.41117182
2025-05-19 17:00:00,-0.10508294
2025-05-19 18:00:00,0.2312756
2025-05-19 19:00:00,0.48740157
2025-05-19 20:00:00,0.593826
2025-05-19 21:00:00,0.57544297
2025-05-19 22:00:00,0.429274
2025-05-19 23:00:00,0.16288066
2025-05-20 00:00:00,-0.117207035
2025-05-20 01:00:00,-0.33837277
2025-05-20 02:00:00,-0.45793948
2025-05-20 03:00:00,-0.4567112
2025-05-20 04:00:00,-0.32932302
2025-05-20 05:00:00,-0.06795142
2025-05-20 06:00:00,0.27915508
2025-05-20 07:00:00,0.61753887
2025-05-20 08:00:00,0.83400005
2025-05-20 09:00:00,0.91384065
2025-05-20 10:00:00,0.8315647
2025-05-20 11:00:00,0.60021406
2025-05-20 12:00:00,0.28903994
2025-05-20 13:00:00,-0.05909044
2025-05-20 14:00:00,-0.36420843
2025-05-20 15:00:00,-0.5284448
2025-05-20 16:00:00,-0.55080444
2025-05-20 17:00:00,-0.4785691
2025-05-20 18:00:00,-0.24075554
2025-05-20 19:00:00,0.09224153
2025-05-20 20:00:00,0.4209709
2025-05-20 21:00:00,0.61199903
2025-05-20 22:00:00,0.6686792
2025-05-20 23:00:00,0.59106517
2025-05-21 00:00:00,0.3592626
2025-05-21 01:00:00,0.051108725
2025-05-21 02:00:00,-0.23401468
2025-05-21 03:00:00,-0.41620496
2025-05-21 04:00:00,-0.47870693
2025-05-21 05:00:00,-0.41561136
2025-05-21 06:00:00,-0.19369476
2025-05-21 07:00:00,0.15172468
2025-05-21 08:00:00,0.5355967
2025-05-21 09:00:00,0.81754786
2025-05-21 10:00:00,0.9359588
2025-05-21 11:00:00,0.90859634
2025-05-21 12:00:00,0.69834065
2025-05-21 13:00:00,0.33409196
2025-05-21 14:00:00,-0.06534989
2025-05-21 15:00:00,-0.4110365
2025-05-21 16:00:00,-0.6010474
2025-05-21 17:00:00,-0.6714582
2025-05-21 18:00:00,-0.5992985
2025-05-21 19:00:00,-0.35427463
2025-05-21 20:00:00,0.056358963
2025-05-21 21:00:00,0.4557272
2025-05-21 22:00:00,0.73131984
2025-05-21 23:00:00,0.84544384
2025-05-22 00:00:00,0.8025914
2025-05-22 01:00:00,0.56222457
2025-05-22 02:00:00,0.22550026
2025-05-22 03:00:00,-0.13306516
2025-05-22 04:00:00,-0.41331735
2025-05-22 05:00:00,-0.523652
2025-05-22 06:00:00,-0.4879934
2025-05-22 07:00:00,-0.30970687
2025-05-22 08:00:00,0.052191895
2025-05-22 09:00:00,0.50152045
2025-05-22 10:00:00,0.83837837
2025-05-22 11:00:00,1.0118684
2025-05-22 12:00:00,1.0092237
2025-05-22 13:00:00,0.80351996
2025-05-22 14:00:00,0.40555423
2025-05-22 15:00:00,-0.08509127
2025-05-22 16:00:00,-0.5085964
2025-05-22 17:00:00,-0.73624015
2025-05-22 18:00:00,-0.8478567
2025-05-22 19:00:00,-0.7506705
2025-05-22 20:00:00,-0.43175974
2025-05-22 21:00:00,0.051861454
2025-05-22 22:00:00,0.5505204
2025-05-22 23:00:00,0.9102058
2025-05-23 00:00:00,1.0709358
2025-05-23 01:00:00,1.0424131
2025-05-23 02:00:00,0.7758822
2025-05-23 03:00:00,0.35464537
2025-05-23 04:00:00,-0.09956928
2025-05-23 05:00:00,-0.46743324
2025-05-23 06:00:00,-0.6269975
2025-05-23 07:00:00,-0.61126274
2025-05-23 08:00:00,-0.42314762
2025-05-23 09:00:00,-0.027421037
2025-05-23 10:00:00,0.49828792
2025-05-23 11:00:00,0.9158152
2025-05-23 12:00:00,1.1268305
2025-05-23 13:00:00,1.1187309
2025-05-23 14:00:00,0.8644767
2025-05-23 15:00:00,0.40294057
2025-05-23 16:00:00,-0.14241934
2025-05-23 17:00:00,-0.62115306
2025-05-23 18:00:00,-0.90885925
2025-05-23 19:00:00,-1.0446128
2025-05-23 20:00:00,-0.92182845
2025-05-23 21:00:00,-0.43011525
2025-05-23 22:00:00,0.13522743
2025-05-23 23:00:00,0.74480426
2025-05-24 00:00:00,1.1406883
2025-05-24 01:00:00,1.31521
2025-05-24 02:00:00,1.2357489
2025-05-24 03:00:00,0.88647306
2025-05-24 04:00:00,0.378066
2025-05-24 05:00:00,-0.13849932
2025-05-24 06:00:00,-0.56103384
2025-05-24 07:00:00,-0.7438596
2025-05-24 08:00:00,-0.72765875
2025-05-24 09:00:00,-0.4955858
2025-05-24 10:00:00,-0.052042056
2025-05-24 11:00:00,0.56025326
2025-05-24 12:00:00,1.0216835
2025-05-24 13:00:00,1.2326577
2025-05-24 14:00:00,1.198005
2025-05-24 15:00:00,0.89679205
2025-05-24 16:00:00,0.35117972
2025-05-24 17:00:00,-0.25725916
2025-05-24 18:00:00,-0.75700563
2025-05-24 19:00:00,-1.0778387
2025-05-24 20:00:00,-1.1709356
2025-05-24 21:00:00,-0.99442756
2025-05-24 22:00:00,-0.39342222
2025-05-24 23:00:00,0.27272072
2025-05-25 00:00:00,0.94000965
2025-05-25 01:00:00,1.3510467
2025-05-25 02:00:00,1.506584
2025-05-25 03:00:00,1.3841447
2025-05-25 04:00:00,0.95888484
2025-05-25 05:00:00,0.36904716
2025-05-25 06:00:00,-0.22899921
2025-05-25 07:00:00,-0.6828778
2025-05-25 08:00:00,-0.9276161
2025-05-25 09:00:00,-0.9330198
2025-05-25 10:00:00,-0.5462799
2025-05-25 11:00:00,-0.04291093
2025-05-25 12:00:00,0.64026034
